,MESSAGE,SPAM
0,You available now? I'm like right around hillsborough &amp;  &lt;#&gt; th,False
1,Can a not?,False
2,Ok set let u noe e details later...,False
3,YOU ARE CHOSEN TO RECEIVE A å£350 AWARD! Pls call claim number 09066364311 to collect your award which you are selected to receive as a valued mobile customer.,True
4,Hi baby ive just got back from work and i was wanting to see u allday! I hope i didnt piss u off on the phone today. If u are up give me a call xxx,False
5,Yeah so basically any time next week you can get away from your mom &amp; get up before 3,False
6,Great. I was getting worried about you. Just know that a wonderful and caring person like you will have only the best in life. Know that u r wonderful and God's love is yours.,False
7,I am going to sleep. I am tired of travel.,False
8,Wat time Ì_ finish?,False
9,Remember on that day..,False
10,"FreeMSG You have been awarded a FREE mini DIGITAL CAMERA, just reply SNAP to collect your prize! (quizclub Opt out? Stop 80122300p/wk SP:RWM Ph:08704050406)",True
11,"I feel like a dick because I keep sleeping through your texts and facebook messages. Sup, you in town?",False
12,"Sppok up ur mob with a Halloween collection of nokia logo&pic message plus a FREE eerie tone, txt CARD SPOOK to 8007",True
13,"whatever, im pretty pissed off.",False
14,Ok lar... Joking wif u oni...,False
15,"Hi there, 2nights ur lucky night! Uve been invited 2 XCHAT, the Uks wildest chat! Txt CHAT to 86688 now! 150p/MsgrcvdHG/Suite342/2Lands/Row/W1J6HL LDN 18yrs",True
16,I cant pick the phone right now. Pls send a message,False
17,No * am working on the ringing u thing but have whole houseful of screaming brats so * am pulling my hair out! Loving u,False
18,"Actually, my mobile is full of msg. And i m doing a work online, where i need to send them  &lt;#&gt;  sent msg i wil explain u later.",False
19,Genius what's up. How your brother. Pls send his number to my skype.,False
20,Oic... Then better quickly go bathe n settle down...,False
21,R Ì_ comin back for dinner?,False
22,"I know you are thinkin malaria. But relax, children cant handle malaria. She would have been worse and its gastroenteritis. If she takes enough to replace her loss her temp will reduce. And if you give her malaria meds now she will just vomit. Its a self limiting illness she has which means in a few days it will completely stop",False
23,.Please charge my mobile when you get up in morning.,False
24,"Yeah sure, give me a couple minutes to track down my wallet",False
25,I thk 50 shd be ok he said plus minus 10.. Did Ì_ leave a line in between paragraphs?,False
26,He also knows about lunch menu only da. . I know,False
27,Hi dude hw r u da realy mising u today,False
28,Don know:)this week i'm going to tirunelvai da.,False
29,Awww dat is sweet! We can think of something to do he he! Have a nice time tonight ill probably txt u later cos im lonely :( xxx.,False
30,He says hi and to get your ass back to south tampa (preferably at a kegger),False
31,Your opinion about me? 1. Over 2. Jada 3. Kusruthi 4. Lovable 5. Silent 6. Spl character 7. Not matured 8. Stylish 9. Simple Pls reply..,False
32,But i'll b going 2 sch on mon. My sis need 2 take smth.,False
33,Had your mobile 11mths ? Update for FREE to Oranges latest colour camera mobiles & unlimited weekend calls. Call Mobile Upd8 on freefone 08000839402 or 2StopTx,True
34,"Me not waking up until 4 in the afternoon, sup",False
35,I am back. Good journey! Let me know if you need any of the receipts. Shall i tell you like the pendent?,False
36,K...k:)why cant you come here and search job:),False
37,I went to project centre,False
38,Why do you ask princess?,False
39,Stupid.its not possible,False
40,I'm now but have to wait till 2 for the bus to pick me.,False
41,Realy sorry-i don't recognise this number and am now confused :) who r u please?! ,False
42,"So many people seems to be special at first sight, But only very few will remain special to you till your last sight.. Maintain them till life ends.. take cr da",False
43,K. I will sent it again,False
44,Id onluy matters when getting on from offcampus,False
45,"FreeMsg: Claim ur 250 SMS messages-Text OK to 84025 now!Use web2mobile 2 ur mates etc. Join Txt250.com for 1.50p/wk. T&C BOX139, LA32WU. 16 . Remove txtX or stop",True
46,She went to attend another two rounds today..but still did't reach home..,False
47,Same. Wana plan a trip sometme then,False
48,"The guy (kadeem) hasn't been selling since the break, I know one other guy but he's paranoid as fuck and doesn't like selling without me there and I can't be up there til late tonight",False
49,dating:i have had two of these. Only started after i sent a text to talk sport radio last week. Any connection do you think or coincidence?,True
50,"Congrats! 2 mobile 3G Videophones R yours. call 09063458130 now! videochat wid your mates, play java games, Dload polyPH music, noline rentl.",True
51,Have you heard about that job? I'm going to that wildlife talk again tonight if u want2come. Its that2worzels and a wizzle or whatever it is?! ,False
52,Can Ì_ all decide faster cos my sis going home liao..,False
53,"Night night, see you tomorrow",False
54,Lol! U drunkard! Just doing my hair at d moment. Yeah still up 4 tonight. Wats the plan? ,False
55,Aiyar hard 2 type. U later free then tell me then i call n scold n tell u.,False
56,K..k:)how much does it cost?,False
57,What time do u get out?,False
58,"We have sent JD for Customer Service cum Accounts Executive to ur mail id, For details contact us",False
59,Got meh... When?,False
60,Nite nite pocay wocay luv u more than n e thing 4eva I promise ring u 2morrowxxxx,False
61,They are just making it easy to pay back. I have  &lt;#&gt; yrs to say but i can pay back earlier. You get?,False
62,hope things went well at 'doctors' ;) reminds me i still need 2go.did u c d little thing i left in the lounge?,False
63,Da my birthdate in certificate is in april but real date is today. But dont publish it. I shall give you a special treat if you keep the secret. Any way thanks for the wishes,False
64,The bus leaves at  &lt;#&gt; ,False
65,Send a logo 2 ur lover - 2 names joined by a heart. Txt LOVE NAME1 NAME2 MOBNO eg LOVE ADAM EVE 07123456789 to 87077 Yahoo! POBox36504W45WQ TxtNO 4 no ads 150p.,True
66,If he started searching he will get job in few days.he have great potential and talent.,False
67,"Urgent! call 09061749602 from Landline. Your complimentary 4* Tenerife Holiday or å£10,000 cash await collection SAE T&Cs BOX 528 HP20 1YF 150ppm 18+",True
68,Dear i have reache room,False
69,Oh yeah! And my diet just flew out the window,False
70,Okay name ur price as long as its legal! Wen can I pick them up? Y u ave x ams xx,False
71,Hi. || Do u want | to join me with sts later? || Meeting them at five. || Call u after class.,False
72,Lemme know when you're here,False
73,I'm putting it on now. It should be ready for  &lt;TIME&gt; ,False
74,"\Happy valentines day\"" I know its early but i have hundreds of handsomes and beauties to wish. So i thought to finish off aunties and uncles 1st...""",False
75,"Hi elaine, is today's meeting confirmed?",False
76,U buy newspapers already?,False
77,"Nimbomsons. Yep phone knows that one. Obviously, cos thats a real word",False
78,"No, but you told me you were going, before you got drunk!",False
79,"Do you realize that in about 40 years, we'll have thousands of old ladies running around with tattoos?",True
80,Hai priya are you right. What doctor said pa. Where are you.,False
81,How have your little darlings been so far this week? Need a coffee run tomo?Can't believe it's that time of week already Û_,False
82,"Height of \Oh shit....!!\"" situation: A guy throws a luv letter on a gal but falls on her brothers head whos a gay",False
83,Hello! How's you and how did saturday go? I was just texting to see if you'd decided to do anything tomo. Not that i'm trying to invite myself or anything!,False
84,Well at this right I'm gonna have to get up and check today's steam sales/pee so text me when you want me to come get you,False
85,NEFT Transaction with reference number  &lt;#&gt;  for Rs. &lt;DECIMAL&gt;  has been credited to the beneficiary account on  &lt;#&gt;  at  &lt;TIME&gt; : &lt;#&gt;,False
86,"Received, understood n acted upon!",False
87,We are both fine. Thanks,False
88,on hen night. Going with a swing,False
89,Thanx 4 sending me home...,False
90,If you're thinking of lifting me one then no.,False
91,I am not sure about night menu. . . I know only about noon menu,False
92,Sounds like something that someone testing me would sayy,False
93,"Sorry, I'll call later",False
94,December only! Had your mobile 11mths+? You are entitled to update to the latest colour camera mobile for Free! Call The Mobile Update Co FREE on 08002986906 ,True
95,You have WON a guaranteed å£1000 cash or a å£2000 prize.To claim yr prize call our customer service representative on,True
96,Hi. Happy New Year. I dont mean to intrude but can you pls let me know how much tuition you paid last semester and how much this semester is. Thanks,False
97,Nothing. Can...,False
98,Lol where do u come up with these ideas?,False
99,dont make ne plans for nxt wknd coz she wants us to come down then ok,False
100,Hi. Customer Loyalty Offer:The NEW Nokia6650 Mobile from ONLY å£10 at TXTAUCTION! Txt word: START to No: 81151 & get yours Now! 4T&Ctxt TC 150p/MTmsg,True
101,Even my brother is not like to speak with me. They treat me like aids patent.,False
102,"WIN: We have a winner! Mr. T. Foley won an iPod! More exciting prizes soon, so keep an eye on ur mobile or visit www.win-82050.co.uk",True
103,Really do hope the work doesnt get stressful. Have a gr8 day.,False
104,Leave it de:-). Start Prepare for next:-)..,False
105,"Yup, leaving right now, be back soon",False
106,"HOT LIVE FANTASIES call now 08707509020 Just 20p per min NTT Ltd, PO Box 1327 Croydon CR9 5WB 0870..k",True
107,happened here while you were adventuring,False
108,K:)i will give my kvb acc details:),False
109,"Dear,shall mail tonite.busy in the street,shall update you tonite.things are looking ok.varunnathu edukkukayee raksha ollu.but a good one in real sense.",False
110,"\AH POOR BABY!HOPE URFEELING BETTERSN LUV! PROBTHAT OVERDOSE OF WORK HEY GO CAREFUL SPK 2 U SN LOTS OF LOVEJEN XXX.\""""",False
111,Tmr then Ì_ brin lar... Aiya later i come n c lar... Mayb Ì_ neva set properly Ì_ got da help sheet wif Ì_...,False
112,Y dun cut too short leh. U dun like ah? She failed. She's quite sad.,False
113,we tried to contact you re your response to our offer of a new nokia fone and camcorder hit reply or call 08000930705 for delivery,True
114,If u dun drive then how i go 2 sch.,False
115,alright. Thanks for the advice. Enjoy your night out. I'ma try to get some sleep...,False
116,Text BANNEDUK to 89555 to see! cost 150p textoperator g696ga 18+ XXX,True
117,I want to sent  &lt;#&gt; mesages today. Thats y. Sorry if i hurts,False
118,Hey! Congrats 2u2. id luv 2 but ive had 2 go home!,False
119,Horrible u eat macs eat until u forgot abt me already rite... U take so long 2 reply. I thk it's more toot than b4 so b prepared. Now wat shall i eat?,False
120,URGENT! Your Mobile number has been awarded with a å£2000 Bonus Caller Prize. Call 09058095201 from land line. Valid 12hrs only,True
121,"Mila, age23, blonde, new in UK. I look sex with UK guys. if u like fun with me. Text MTALK to 69866.18 . 30pp/txt 1st 5free. å£1.50 increments. Help08718728876",True
122,Yeah like if it goes like it did with my friends imma flip my shit in like half an hour,False
123,Taka lor. Wat time u wan 2 come n look 4 us?,False
124,Apps class varaya elaya.,False
125,Mm feeling sleepy. today itself i shall get that dear,False
126,"\Response\"" is one of d powerful weapon 2 occupy a place in others 'HEART'... So",False
127,Your board is working fine. The issue of overheating is also reslove. But still software inst is pending. I will come around 8'o clock.,False
128,It so happens that there r 2waxsto do wat you want. She can come and ill get her medical insurance. And she'll be able to deliver and have basic care. I'm currently shopping for the right medical insurance for her. So just give me til friday morning. Thats when i.ll see the major person that can guide me to the right insurance.,False
129,"Dear,Me at cherthala.in case u r coming cochin pls call bfore u start.i shall also reach accordingly.or tell me which day u r coming.tmorow i am engaged ans its holiday.",False
130,Oh ic. I thought you meant mary jane.,False
131,"Night sweet, sleep well! I've just been to see The Exorcism of Emily Rose and may never sleep again! Hugs and snogs! ",False
132,Missed your call cause I was yelling at scrappy. Miss u. Can't wait for u to come home. I'm so lonely today.,False
133,So u wan 2 come for our dinner tonight a not?,False
134,Are you willing to go for aptitude class.,False
135,I don't quite know what to do. I still can't get hold of anyone. I cud pick you up bout 7.30pm and we can see if they're in the pub?,False
136,Omg I want to scream. I weighed myself and I lost more weight! Woohoo!,False
137,"How about clothes, jewelry, and trips?",False
138,I'll be in sch fr 4-6... I dun haf da book in sch... It's at home...,False
139,That means get the door,False
140,She left it very vague. She just said she would inform the person in accounting about the delayed rent and that i should discuss with the housing agency about my renting another place. But checking online now and all places around usc are  &lt;#&gt;  and up,False
141,"Sorry I missed you babe. I was up late and slept in. I hope you enjoy your driving lesson, boytoy. I miss you too ... *teasing kiss*",False
142,Just finished eating. Got u a plate. NOT leftovers this time.,False
143,Or I guess  &lt;#&gt;  min,False
144,Lol ok your forgiven :),False
145,"Oops I did have it,  &lt;#&gt; ?",False
146,Your 2004 account for 07XXXXXXXXX shows 786 unredeemed points. To claim call 08719181259 Identifier code: XXXXX Expires 26.03.05,True
147,U still going to the mall?,False
148,Then she dun believe wat?,False
149,I sent you  &lt;#&gt;  bucks,False
150,Thanks for sending this mental ability question..,False
151,Dunno cos i was v late n when i reach they inside already... But we ate spageddies lor... It's e gals who r laughing at me lor...,False
152,"Urgent Urgent! We have 800 FREE flights to Europe to give away, call B4 10th Sept & take a friend 4 FREE. Call now to claim on 09050000555. BA128NNFWFLY150ppm",True
153,"Had the money issue weigh me down but thanks to you, I can breathe easier now. I.ll make sure you dont regret it. Thanks.",False
154,K. I will sent it again,False
155,I am hot n horny and willing I live local to you - text a reply to hear strt back from me 150p per msg Netcollex LtdHelpDesk: 02085076972 reply Stop to end,True
156,Wife.how she knew the time of murder exactly,False
157,Sending you greetings of joy and happiness. Do have a gr8 evening,False
158,Now press conference da:),False
159,Congratulations ur awarded either a yrs supply of CDs from Virgin Records or a Mystery Gift GUARANTEED Call 09061104283 Ts&Cs www.smsco.net å£1.50pm approx 3mins,True
160,Yeah you should. I think you can use your gt atm now to register. Not sure but if there's anyway i can help let me know. But when you do be sure you are ready.,False
161,"Hiya, had a good day? Have you spoken to since the weekend?",False
162,O ic lol. Should play 9 doors sometime yo,False
163,I think i am disturbing her da,False
164,Nope but i'm going home now then go pump petrol lor... Like going 2 rain soon...,False
165,"K, I might come by tonight then if my class lets out early",False
166,07732584351 - Rodger Burns - MSG = We tried to call you re your reply to our sms for a free nokia mobile + free camcorder. Please call now 08000930705 for delivery tomorrow,True
167,"Hi hope u get this txt~journey hasnt been gd,now about 50 mins late I think.",False
168,"\HEY DAS COOL... IKNOW ALL 2 WELLDA PERIL OF STUDENTFINANCIAL CRISIS!SPK 2 U L8R.\""""",False
169,Well that must be a pain to catch,False
170,URGENT! We are trying to contact you. Last weekends draw shows that you have won a å£900 prize GUARANTEED. Call 09061701851. Claim code K61. Valid 12hours only,True
171,What happen to her tell the truth,False
172,X course it 2yrs. Just so her messages on messenger lik you r sending me,False
173,Send me your id and password,False
174,"Uh, heads up we don't have THAT much left",False
175,"Multiply the numbers independently and count decimal points then, for the division, push the decimal places like i showed you.",False
176,I dont have any of your file in my bag..i was in work when you called me.i 'll tell you if i find anything in my room.,False
177,I thank you so much for all you do with selflessness. I love you plenty.,False
178,"Almost there, see u in a sec",False
179,I would but I'm still cozy. And exhausted from last night.nobody went to school or work. Everything is closed.,False
180,Am not interested to do like that.,False
181,"As a SIM subscriber, you are selected to receive a Bonus! Get it delivered to your door, Txt the word OK to No: 88600 to claim. 150p/msg, EXP. 30Apr",True
182,As usual u can call me ard 10 smth.,False
183,No. I.ll meet you in the library,False
184,Whats the staff name who is taking class for us?,False
185,"Er yeah, i will b there at 15:26, sorry! Just tell me which pub/cafe to sit in and come wen u can",False
186,Are you plans with your family set in stone ?,False
187,I'm really not up to it still tonight babe,False
188,Its going good...no problem..but still need little experience to understand american customer voice...,False
189,K:)k.are you in college?,False
190,Ya it came a while ago,False
191,"Good afternoon, my boytoy ... How are you feeling today ? Better I hope? Are you being my good boy? Are you my obedient, slave? Do you please your Queen?",False
192,I will see in half an hour,False
193,He also knows about lunch menu only da. . I know,False
194,FREE for 1st week! No1 Nokia tone 4 ur mob every week just txt NOKIA to 8007 Get txting and tell ur mates www.getzed.co.uk POBox 36504 W45WQ norm150p/tone 16+,True
195,No screaming means shouting..,False
196,Of cos can lar i'm not so ba dao ok... 1 pm lor... Y u never ask where we go ah... I said u would ask on fri but he said u will ask today...,False
197,"Aight, you close by or still down around alex's place?",False
198,What time you think you'll have it? Need to know when I should be near campus,False
199,"SMS SERVICES. for your inclusive text credits, pls goto www.comuk.net login= ***** unsubscribe with STOP. no extra charge. help:08700469649. PO BOX420. IP4 5WE",True
200,I wnt to buy a BMW car urgently..its vry urgent.but hv a shortage of  &lt;#&gt; Lacs.there is no source to arng dis amt. &lt;#&gt; lacs..thats my prob,False
201,Yes da. Any plm at ur office,False
202,Busy here. Trying to finish for new year. I am looking forward to finally meeting you...,False
203,"Haha, my legs and neck are killing me and my amigos are hoping to end the night with a burn, think I could swing by in like an hour?",False
204,"New Mobiles from 2004, MUST GO! Txt: NOKIA to No: 89545 & collect yours today! From ONLY å£1. www.4-tc.biz 2optout 087187262701.50gbp/mtmsg18 TXTAUCTION.",True
205,Yes princess! I want to catch you with my big strong hands...,False
206,My sister going to earn more than me da.,False
207," says that he's quitting at least5times a day so i wudn't take much notice of that. Nah, she didn't mind. Are you gonna see him again? Do you want to come to taunton tonight? U can tell me all about !",False
208,Double Mins & Double Txt & 1/2 price Linerental on Latest Orange Bluetooth mobiles. Call MobileUpd8 for the very latest offers. 08000839402 or call2optout/LF56,True
209,Not able to do anything.,False
210,Enjoy urself tmr...,False
211,Glad to see your reply.,False
212,U calling me right? Call my hand phone...,False
213,Wait 2 min..stand at bus stop,False
214,Squeeeeeze!! This is christmas hug.. If u lik my frndshp den hug me back.. If u get 3 u r cute:) 6 u r luvd:* 9 u r so lucky;) None? People hate u:,False
215,Update your face book status frequently :),False
216,That's good. Lets thank God. Please complete the drug. Have lots of water. And have a beautiful day.,False
217,Don know..wait i will check it.,False
218,Unfortunately i've just found out that we have to pick my sister up from the airport that evening so don't think i'll be going out at all. We should try to go out one of th,False
219,"FreeMsg Hey U, i just got 1 of these video/pic fones, reply WILD to this txt & ill send U my pics, hurry up Im so bored at work xxx (18 150p/rcvd STOP2stop)",True
220,This single single answers are we fighting? Plus i said am broke and you didnt reply,False
221,Text her. If she doesnt reply let me know so i can have her log in,False
222,Ok. C u then.,False
223,CERI U REBEL! SWEET DREAMZ ME LITTLE BUDDY!! C YA 2MORO! WHO NEEDS BLOKES,False
224,How's it going? Got any exciting karaoke type activities planned? I'm debating whether to play football this eve. Feeling lazy though.,False
225,I'm freezing and craving ice. Fml,False
226,"Okey dokey, iÛ÷ll be over in a bit just sorting some stuff out.",False
227,Ok.,False
228,"Orange brings you ringtones from all time Chart Heroes, with a free hit each week! Go to Ringtones & Pics on wap. To stop receiving these tips reply STOP.",True
229,Ok k..sry i knw 2 siva..tats y i askd..,False
230,Should I head straight there or what,False
231,What's nannys address?,False
232,Oh god. I'm gonna Google nearby cliffs now.,False
233,Raviyog Peripherals bhayandar east,False
234,URGENT! We are trying to contact U. Todays draw shows that you have won a å£800 prize GUARANTEED. Call 09050001808 from land line. Claim M95. Valid12hrs only,True
235,I not at home now lei...,False
236,I just made some payments so dont have that much. Sorry. Would you want it fedex or the other way.,False
237,will you like to be spoiled? :),False
238,Ok... Ur typical reply...,False
239,Our ride equally uneventful - not too many of those pesky cyclists around at that time of night ;).,False
240,Who u talking about?,False
241,I'm stuck in da middle of da row on da right hand side of da lt... ,False
242,"The house is on the water with a dock, a boat rolled up with a newscaster who dabbles in jazz flute behind the wheel",False
243,Well then you have a great weekend!,False
244,Oh thanks a lot..i already bought 2 eggs ..,False
245,How's ur paper?,False
246,"Evening * v good if somewhat event laden. Will fill you in, don't you worry Û_ Head * ok but throat * wrecked. See you at six then!",False
247,Freemsg: 1-month unlimited free calls! Activate SmartCall Txt: CALL to No: 68866. Subscriptn3gbp/wk unlimited calls Help: 08448714184 Stop?txt stop landlineonly,True
248,Hey gals.. Anyone of u going down to e driving centre tmr?,False
249,Ok lor.,False
250,Good morning pookie pie! Lol hope I didn't wake u up,False
251,Ok how you dear. Did you call chechi,False
252,"Probably gonna be here for a while, see you later tonight &lt;)",False
253,So how's the weather over there?,False
254,Hey you gave them your photo when you registered for driving ah? Tmr wanna meet at yck? ,False
255,"Eerie Nokia tones 4u, rply TONE TITLE to 8007 eg TONE DRACULA to 8007 Titles: GHOST, ADDAMSFA, MUNSTERS, EXORCIST, TWILIGHT www.getzed.co.uk POBox36504W45WQ 150p ",True
256,Its  &lt;#&gt; k here oh. Should i send home for sale.,False
257,Prepare to be pleasured :),False
258,Not sure I have the stomach for it ...,False
259,I hate when she does this. She turns what should be a fun shopping trip into an annoying day of how everything would look in her house.,False
260,"Sorry that took so long, omw now",False
261,U have a secret admirer who is looking 2 make contact with U-find out who they R*reveal who thinks UR so special-call on 09058094599,True
262,"U can WIN å£100 of Music Gift Vouchers every week starting NOW Txt the word DRAW to 87066 TsCs www.Idew.com SkillGame, 1Winaweek, age16. 150ppermessSubscription",True
263,"Well, i'm glad you didn't find it totally disagreeable ... Lol",False
264,No:-)i got rumour that you going to buy apartment in chennai:-),False
265,Aight should I just plan to come up later tonight?,False
266,Dear where you. Call me,False
267,Ok... C ya...,False
268,We still on for tonight?,False
269,Cos i was out shopping wif darren jus now n i called him 2 ask wat present he wan lor. Then he started guessing who i was wif n he finally guessed darren lor.,False
270,Hi:)cts employee how are you?,False
271,Hi Dear Call me its urgnt. I don't know whats your problem. You don't want to work or if you have any other problem at least tell me. Wating for your reply.,False
272,Good. do you think you could send me some pix? I would love to see your top and bottom...,False
273,I know complain num only..bettr directly go to bsnl offc nd apply for it..,False
274,Haha okay... Today weekend leh... ,False
275,Then why you came to hostel.,False
276,Oh ho. Is this the first time u use these type of words,False
277,Thought praps you meant another one. Goodo! I'll look tomorrow ,False
278,08714712388 between 10am-7pm Cost 10p,True
279,FREE camera phones with linerental from 4.49/month with 750 cross ntwk mins. 1/2 price txt bundle deals also avble. Call 08001950382 or call2optout/J MF,True
280,I'm coming back on Thursday. Yay. Is it gonna be ok to get the money. Cheers. Oh yeah and how are you. Everything alright. Hows school. Or do you call it work now,False
281,Yar lor... Keep raining non stop... Or u wan 2 go elsewhere?,False
282,"Its ok chikku, and its my 1 of favourite song..:-)",False
283,No:-)i got rumour that you going to buy apartment in chennai:-),False
284,Y lei?,False
285,"And very importantly, all we discuss is between u and i only.",False
286,"Geeeee ... Your internet is really bad today, eh ?",False
287,Dont know supports ass and srt i thnk. I think ps3 can play through usb too,False
288,Yun ah.now Ì_ wkg where?btw if Ì_ go nus sc. ÌÏ wana specialise in wad?,False
289,"Yeah work is fine, started last week, all the same stuff as before, dull but easy and guys are fun!",False
290,"They said if its gonna snow, it will start around 8 or 9 pm tonite! They are predicting an inch of accumulation.",False
291,"Sorry man, accidentally left my phone on silent last night and didn't check it til I got up",False
292,Can you pls send me that company name. In saibaba colany,False
293,Can come my room but cannot come my house cos my house still messy... Haha...,False
294,URGENT We are trying to contact you Last weekends draw shows u have won a å£1000 prize GUARANTEED Call 09064017295 Claim code K52 Valid 12hrs 150p pm,True
295,She.s find. I sent you an offline message to know how anjola's now.,False
296,There is no sense in my foot and penis.,False
297,Ugh I don't wanna get out of bed. It's so warm.,False
298,"Me, i dont know again oh",False
299,Would me smoking you out help us work through this difficult time,False
300,Pls what's the full name of joke's school cos fees in university of florida seem to actually be  &lt;#&gt; k. Pls holla back,False
301,How much u trying to get?,False
302,Hmm...Bad news...Hype park plaza $700 studio taken...Only left 2 bedrm-$900...,False
303,Guess which pub im in? Im as happy as a pig in clover or whatever the saying is! ,False
304,"Mmmmm ... It was sooooo good to wake to your words this morning, my Love!! Mmmm fuck ... I love you too, my Lion ... *devouring kiss from across the sea*",False
305,Whens your radio show?,False
306,Ok...,False
307,Can Ì_ call me at 10:10 to make sure dat i've woken up...,False
308,Well. You know what i mean. Texting,False
309,"naughty little thought: 'its better to flirt, flirt n flirt, rather than loving someone n gettin hurt, hurt n hurt...:-) Gud nyt",False
310,4mths half price Orange line rental & latest camera phones 4 FREE. Had your phone 11mths ? Call MobilesDirect free on 08000938767 to update now! or2stoptxt,True
311,"As I entered my cabin my PA said, '' Happy B'day Boss !!''. I felt special. She askd me 4 lunch. After lunch she invited me to her apartment. We went there.",False
312,"By the way, 'rencontre' is to meet again. Mountains dont....",False
313,How do you guys go to see movies on your side.,False
314,Package all your programs well,False
315,K fyi x has a ride early tomorrow morning but he's crashing at our place tonight,False
316,"TODAY is Sorry day.! If ever i was angry with you, if ever i misbehaved or hurt you? plz plz JUST SLAP URSELF Bcoz, Its ur fault, I'm basically GOOD",False
317,"Superb Thought- \Be grateful that u dont have everything u want. That means u still have an opportunity to be happier tomorrow than u are today.\"":-)""",False
318,"Rose needs water, season needs change, poet needs imagination..My phone needs ur sms and i need ur lovely frndship forever....",False
319,"Hey chief, can you give me a bell when you get this. Need to talk to you about this royal visit on the 1st june. ",False
320,"Sorry, left phone upstairs. OK, might be hectic but would be all my birds with one fell swoop. It's a date.",False
321,They will pick up and drop in car.so no problem..,False
322,I want to go to perumbavoor,False
323,Yo sorry was in the shower sup,False
324,Lil fever:) now fine:),False
325,Ok. I only ask abt e movie. U wan ktv oso?,False
326,Do you want bold 2 or bb torch,False
327,"HOT LIVE FANTASIES call now 08707509020 Just 20p per min NTT Ltd, PO Box 1327 Croydon CR9 5WB 0870 is a national rate call",True
328,Was the actual exam harder than NBME,False
329,WOT STUDENT DISCOUNT CAN U GET ON BOOKS?,False
330,Sounds like there could be a lot of time spent in that chastity device boy ... *grins* ... Or take your beatings like a good dog. Going to lounge in a nice long bath now ?,False
331,I dont thnk its a wrong calling between us,False
332,"Haha get used to driving to usf man, I know a lot of stoners",False
333,DonÛ÷t give a flying monkeys wot they think and I certainly donÛ÷t mind. Any friend of mine and all that!,False
334,Oh sorry please its over,False
335,I will be gentle princess! We will make sweet gentle love...,False
336,"Sorry man, my stash ran dry last night and I can't pick up more until sunday",False
337,FreeMsg Today's the day if you are ready! I'm horny & live in your town. I love sex fun & games! Netcollex Ltd 08700621170150p per msg reply Stop to end,True
338,What not under standing.,False
339,No I don't have cancer. Moms making a big deal out of a regular checkup aka pap smear,False
340,Hi kindly give us back our documents which we submitted for loan from STAPATI,False
341,Collect your VALENTINE'S weekend to PARIS inc Flight & Hotel + å£200 Prize guaranteed! Text: PARIS to No: 69101. www.rtf.sphosting.com,True
342,Also fuck you and your family for going to rhode island or wherever the fuck and leaving me all alone the week I have a new bong &gt;:(,False
343,"Someone has contacted our dating service and entered your phone becausethey fancy you! To find out who it is call from a landline 09058098002. PoBox1, W14RG 150p",True
344,How are you babes. Hope your doing ok. I had a shit nights sleep. I fell asleep at 5.IåÕm knackered and iåÕm dreading work tonight. What are thou upto tonight. X,False
345,"Yeah, in fact he just asked if we needed anything like an hour ago. When and how much?",False
346,Hi. I'm sorry i missed your call. Can you pls call back.,False
347,"Ya they are well and fine., BBD(pooja) full pimples..even she become quite black..and ur rite here its too cold, wearing sweatter..",False
348,"Yetunde, i'm sorry but moji and i seem too busy to be able to go shopping. Can you just please find some other way to get what you wanted us to get. Please forgive me. You can reply free via yahoo messenger.",False
349,"Babe, I'm back ... Come back to me ...",False
350,Adult 18 Content Your video will be with you shortly,True
351,Come aftr  &lt;DECIMAL&gt; ..now i m cleaning the house,False
352,I'm not sure if its still available though,False
353,it's really getting me down just hanging around.,False
354,"Just sent you an email ÛÒ to an address with incomm in it, is that right?",False
355,<Forwarded from 88877>FREE entry into our å£250 weekly comp just send the word ENTER to 88877 NOW. 18 T&C www.textcomp.com,True
356,FreeMsg:Feelin kinda lnly hope u like 2 keep me company! Jst got a cam moby wanna c my pic?Txt or reply DATE to 82242 Msg150p 2rcv Hlp 08712317606 stop to 82242,True
357,Fancy a shag? I do.Interested? sextextuk.com txt XXUK SUZY to 69876. Txts cost 1.50 per msg. TnCs on website. X,True
358,Hi its me you are probably having too much fun to get this message but i thought id txt u cos im bored! and james has been farting at me all night,False
359,Rofl betta invest in some  anti aging products,False
360,No no. I will check all rooms befor activities,False
361,Not tonight mate. Catching up on some sleep. This is my new number by the way. ,False
362,Where's my boytoy? I miss you ... What happened?,False
363,"Congrats! 2 mobile 3G Videophones R yours. call 09061744553 now! videochat wid ur mates, play java games, Dload polyH music, noline rentl. bx420. ip4. 5we. 150pm",True
364,"Japanese Proverb: If one Can do it, U too Can do it, If none Can do it,U must do it Indian version: If one Can do it, LET HIM DO it.. If none Can do it,LEAVE it!! And finally Kerala version: If one can do it, Stop him doing it.. If none can do it, Make a strike against it ...",False
365,"Hello from Orange. For 1 month's free access to games, news and sport, plus 10 free texts and 20 photo messages, reply YES. Terms apply: www.orange.co.uk/ow",True
366,I calls you later. Afternoon onwords mtnl service get problem in south mumbai. I can hear you but you cann't listen me.,False
367,Senthil group company Apnt 5pm.,False
368,Where are the garage keys? They aren't on the bookshelf,False
369,U attend ur driving lesson how many times a wk n which day?,False
370,Sometimes Heart Remembrs someone Very much... Forgets someone soon... Bcoz Heart will not like everyone. But liked ones will be Remembered Everytime... BSLVYL,False
371,Nothing will ever be easy. But don't be looking for a reason not to take a risk on life and love,False
372,Yeah no probs - last night is obviously catching up with you... Speak soon ,False
373,"Well, I meant as opposed to my drunken night of before",False
374,We can go 4 e normal pilates after our intro...  ,False
375,"I do know what u mean,  is the king of not havin credit! I'm goin2bed now. Night night sweet! Only1more sleep! ",False
376,PRIVATE! Your 2003 Account Statement for shows 800 un-redeemed S. I. M. points. Call 08715203694 Identifier Code: 40533 Expires 31/10/04,True
377,Early bird! Any purchases yet?,False
378,And smile for me right now as you go and the world will wonder what you are smiling about and think your crazy and keep away from you ... *grins*,False
379,Its posible dnt live in  &lt;#&gt; century cm frwd n thnk different,False
380,Wat makes u thk i'll fall down. But actually i thk i'm quite prone 2 falls. Lucky my dad at home i ask him come n fetch me already.,False
381,Thanks for the Vote. Now sing along with the stars with Karaoke on your mobile. For a FREE link just reply with SING now.,True
382,Good morning princess! Have a great day!,False
383,"To review and KEEP the fantastic Nokia N-Gage game deck with Club Nokia, go 2 www.cnupdates.com/newsletter. unsubscribe from alerts reply with the word OUT",True
384,K..k..any special today?,False
385,I'm at home. Please call,False
386,How would my ip address test that considering my computer isn't a minecraft server,False
387,Aiyo cos i sms Ì_ then Ì_ neva reply so i wait 4 Ì_ to reply lar. I tot Ì_ havent finish ur lab wat.,False
388,I wish u were here. I feel so alone,False
389,Think + da. You wil do.,False
390,The 2 oz guy is being kinda flaky but one friend is interested in picking up $ &lt;#&gt;  worth tonight if possible,False
391,"Romantic Paris. 2 nights, 2 flights from å£79 Book now 4 next year. Call 08704439680Ts&Cs apply.",True
392,Okie but i scared u say i fat... Then u dun wan me already...,False
393,Never blame a day in ur life. Good days give u happiness. Bad days give u experience. Both are essential in life! All are Gods blessings! good morning.:,False
394,Congrats ! Treat pending.i am not on mail for 2 days.will mail once thru.Respect mother at home.check mails.,False
395,"\Hi its Kate it was lovely to see you tonight and ill phone you tomorrow. I got to sing and a guy gave me his card! xxx\""""",False
396,Please CALL 08712402902 immediately as there is an urgent message waiting for you.,True
397,Hello hun how ru? Its here by the way. Im good. Been on 2 dates with that guy i met in walkabout so far. We have to meet up soon. Hows everyone else?,False
398,"Okay. No no, just shining on. That was meant to be signing, but that sounds better.",False
399,I donno its in your genes or something,False
400,Aah bless! How's your arm?,False
401,"Excellent, I'll see what riley's plans are",False
402,"Yeah I think my usual guy's still passed out from last night, if you get ahold of anybody let me know and I'll throw down",False
403,"4 tacos + 1 rajas burrito, right?",False
404,Your account has been refilled successfully by INR  &lt;DECIMAL&gt; . Your KeralaCircle prepaid account balance is Rs  &lt;DECIMAL&gt; . Your Transaction ID is KR &lt;#&gt; .,False
405,O. Well uv causes mutations. Sunscreen is like essential thesedays,False
406,U R THE MOST BEAUTIFUL GIRL IVE EVER SEEN. U R MY BABY COME AND C ME IN THE COMMON ROOM,False
407,Did u turn on the heater? The heater was on and set to &lt;#&gt; degrees.,False
408,"Babe, have you got enough money to pick up bread and milk ? And I'll give you it back when you get home ?",False
409,No. Yes please. Been swimming?,False
410,"Loan for any purpose å£500 - å£75,000. Homeowners + Tenants welcome. Have you been previously refused? We can still help. Call Free 0800 1956669 or text back 'help'",True
411,FREE entry into our å£250 weekly comp just send the word ENTER to 84128 NOW. 18 T&C www.textcomp.com cust care 08712405020.,True
412,Can you plz tell me the ans. BSLVYL sent via fullonsms.com,False
413,Double your mins & txts on Orange or 1/2 price linerental - Motorola and SonyEricsson with B/Tooth FREE-Nokia FREE Call MobileUpd8 on 08000839402 or2optout/HV9D,True
414,MY NO. IN LUTON 0125698789 RING ME IF UR AROUND! H*,False
415,The guy did some bitching but I acted like i'd be interested in buying something else next week and he gave it to us for free,False
416,They finally came to fix the ceiling.,False
417,Get the official ENGLAND poly ringtone or colour flag on yer mobile for tonights game! Text TONE or FLAG to 84199. Optout txt ENG STOP Box39822 W111WX å£1.50,True
418,Surely result will offer:),False
419,But you dint in touch with me.,False
420,Headin towards busetop,False
421,Carlos'll be here in a minute if you still need to buy,False
422,"No dude, its not fake..my frnds got money, thts y i'm reffering u..if u member wit my mail link, u vl be credited  &lt;#&gt; rs and il be getiing  &lt;#&gt; rs..i can draw my acc wen it is  &lt;#&gt; rs..",False
423,Yes its possible but dint try. Pls dont tell to any one k,False
424,I ask if u meeting da ge tmr nite...,False
425,How much did ur hdd casing cost.,False
426,"This is the 2nd time we have tried 2 contact u. U have won the å£750 Pound prize. 2 claim is easy, call 087187272008 NOW1! Only 10p per minute. BT-national-rate.",True
427,Mom wants to know where you at,False
428,Don't look back at the building because you have no coat and i don't want you to get more sick. Just hurry home and wear a coat to the gym!!!,False
429,Hey next sun 1030 there's a basic yoga course... at bugis... We can go for that... Pilates intro next sat.... Tell me what time you r free,False
430,I to am looking forward to all the sex cuddling.. Only two more sleeps ,False
431,K I'll be sure to get up before noon and see what's what,False
432,You won't believe it but it's true. It's Incredible Txts! Reply G now to learn truly amazing things that will blow your mind. From O2FWD only 18p/txt,True
433,Pansy! You've been living in a jungle for two years! Its my driving you should be more worried about!,False
434,"Congrats! 1 year special cinema pass for 2 is yours. call 09061209465 now! C Suprman V, Matrix3, StarWars3, etc all 4 FREE! bx420-ip4-5we. 150pm. Dont miss out!",True
435,Cancel cheyyamo?and get some money back?,False
436,"Save yourself the stress. If the person has a dorm account, just send your account details and the money will be sent to you.",False
437,"Oh fine, I'll be by tonight",False
438,Loans for any purpose even if you have Bad Credit! Tenants Welcome. Call NoWorriesLoans.com on 08717111821,True
439,The fact that you're cleaning shows you know why i'm upset. Your priority is constantly \what i want to do,False
440,"Wat time liao, where still got.",False
441,Free tones Hope you enjoyed your new content. text stop to 61610 to unsubscribe. help:08712400602450p Provided by tones2you.co.uk,True
442,ELLO BABE U OK?,False
443,Lol! Oops sorry! Have fun. ,False
444,"Don't Think About \What u Have Got\"" Think About \""How to Use It That You Have Got\"" gooD ni8""",False
445,"Haha figures, well I found the piece and priscilla's bowl",False
446,Okay lor... Will they still let us go a not ah? Coz they will not know until later. We drop our cards into the box right?,False
447,I've got it down to a tea. not sure which flavour,False
448,"Goal! Arsenal 4 (Henry, 7 v Liverpool 2 Henry scores with a simple shot from 6 yards from a pass by Bergkamp to give Arsenal a 2 goal margin after 78 mins.",True
449,Ugh my leg hurts. Musta overdid it on mon.,False
450,Thanks for this hope you had a good day today,False
451,IM REALY SOZ IMAT MY MUMS 2NITE WHAT ABOUT 2MORO ,False
452,Just curious because my cuz asked what I was up to,False
453,SERIOUSLY. TELL HER THOSE EXACT WORDS RIGHT NOW.,False
454,i see. When we finish we have loads of loans to pay,False
455,Great. P diddy is my neighbor and comes for toothpaste every morning,False
456,I said its okay. Sorry,False
457,Was gr8 to see that message. So when r u leaving? Congrats dear. What school and wat r ur plans.,False
458,"Hello, hello, hi lou sorry it took so long 2 reply- I left mobile at friends in Lancaster, just got it bak Neway im sorry I couldnåÕt make ur båÕday 2 hun!",False
459,He fucking chickened out. He messaged me he would be late and woould buzz me and then I didn't hear a word from him,False
460,Mm not entirely sure i understood that text but hey. Ho. Which weekend?,False
461,Ryder unsold.now gibbs.,False
462,"When you just put in the + sign, choose my number and the pin will show. Right?",False
463,\alright babe,False
464,R we going with the  &lt;#&gt;  bus?,False
465,Dad says hurry the hell up,False
466,Even i cant close my eyes you are in me our vava playing umma :-D,False
467,Hi:)did you asked to waheeda fathima about leave?,False
468,"Shit that is really shocking and scary, cant imagine for a second. Def up for night out. Do u think there is somewhere i could crash for night, save on taxi?",False
469,No b4 Thursday,False
470,"I had been hoping i would not have to send you this message. My rent is due and i dont have enough for it. My reserves are completely gone. Its a loan i need and was hoping you could her. The balance is  &lt;#&gt; . Is there a way i could get that from you, till mid march when i hope to pay back.",False
471,My battery is low babe,False
472,This message is free. Welcome to the new & improved Sex & Dogging club! To unsubscribe from this service reply STOP. msgs@150p 18 only,True
473,"Rock yr chik. Get 100's of filthy films &XXX pics on yr phone now. rply FILTH to 69669. Saristar Ltd, E14 9YT 08701752560. 450p per 5 days. Stop2 cancel",True
474,Love it! Daddy will make you scream with pleasure! I am going to slap your ass with my dick!,False
475,"Haven't seen my facebook, huh? Lol!",False
476,R u over scratching it?,False
477,Ur cash-balance is currently 500 pounds - to maximize ur cash-in now send GO to 86688 only 150p/meg. CC: 08718720201 HG/Suite342/2lands Row/W1j6HL,True
478,You still at the game?,False
479,"Damn, poor zac doesn't stand a chance",False
480,I AM AT THE GAS STATION. GO THERE.,False
481,"In case you wake up wondering where I am, I forgot I have to take care of something for grandma today, should be done before the parade",False
482,Ok leave no need to ask,False
483,"Sorry I flaked last night, shit's seriously goin down with my roommate, what you up to tonight?",False
484,Two teams waiting for some players,False
485,Thank god they are in bed!,False
486,You have registered Sinco as Payee. Log in at icicibank.com and enter URN  &lt;#&gt;  to confirm. Beware of frauds. Do NOT share or disclose URN to anyone.,False
487,ALRITE,False
488,"Tonight? Yeah, I'd be down for that",False
489,Going thru a very different feeling.wavering decisions and coping up with the same is the same individual.time will heal everything i believe.,False
490,More people are dogging in your area now. Call 09090204448 and join like minded guys. Why not arrange 1 yourself. There's 1 this evening. Aå£1.50 minAPN LS278BB,True
491,I think chennai well settled?,False
492,Sexy Singles are waiting for you! Text your AGE followed by your GENDER as wither M or F E.G.23F. For gay men text your AGE followed by a G. e.g.23G.,True
493,Are you coming to day for class.,False
494,Mode men or have you left.,False
495,Love you aathi..love u lot..,False
496,"Actually nvm, got hella cash, we still on for  &lt;#&gt; ish?",False
497,K..then come wenever u lik to come and also tel vikky to come by getting free time..:-),False
498,Great! I shoot big loads so get ready!,False
499,Haha... Hope Ì_ can hear the receipt sound... Gd luck!,False
500,I was up all night too worrying about this appt. It's a shame we missed a girls night out with quizzes popcorn and you doing my hair.,False
501,Do you know what Mallika Sherawat did yesterday? Find out now @  &lt;URL&gt;,False
502,K..k...from tomorrow onwards started ah?,False
503,You can donate å£2.50 to UNICEF's Asian Tsunami disaster support fund by texting DONATE to 864233. å£2.50 will be added to your next bill,True
504,No problem baby. Is this is a good time to talk? I called and left a message.,False
505,Where are you?when wil you reach here?,False
506,We r outside already.,False
507,"Hmmm.. Thk sure got time to hop ard... Ya, can go 4 free abt... Muz call u to discuss liao... ",False
508,I'll text now! All creepy like so he won't think that we forgot,False
509,K still are you loving me.,False
510,You have won a guaranteed 32000 award or maybe even å£1000 cash to claim ur award call free on 0800 ..... (18+). Its a legitimat efreefone number wat do u think???,True
511,"Just gettin a bit arty with my collages at the mo, well tryin 2 ne way! Got a roast in a min lovely i shall enjoy that!",False
512,Good morning princess! Happy New Year!,False
513,I know that my friend already told that.,False
514,My drive can only be read. I need to write,False
515,K.k:)apo k.good movie.,False
516,"Night has ended for another day, morning has come in a special way. May you smile like the sunny rays and leaves your worries at the blue blue bay. Gud mrng",False
517,Yes. Nigh you cant aha.,False
518,When u wana see it then,False
519,Be sure to check your yahoo email. We sent photos yesterday,False
520,I called and said all to him:)then he have to choose this future.,False
521,No. But we'll do medical missions to nigeria,False
522,When are you guys leaving?,False
523,Would really appreciate if you call me. Just need someone to talk to.,False
524,Lmao ok I wont be needing u to do my hair anymore.,False
525,I will be gentle baby! Soon you will be taking all  &lt;#&gt;  inches deep inside your tight pussy...,False
526,Do you know where my lab goggles went,False
527,I'm in class. Did you get my text.,False
528,"Carlos took a while (again), we leave in a minute",False
529,Which is weird because I know I had it at one point,False
530,India have to take lead:),False
531,Ok..,False
532,either way works for me. I am  &lt;#&gt;  years old. Hope that doesnt bother you.,False
533,Show ur colours! Euro 2004 2-4-1 Offer! Get an England Flag & 3Lions tone on ur phone! Click on the following service message for info!,True
534,Okie,False
535,Do you want a new Video handset? 750 any time any network mins? UNLIMITED TEXT? Camcorder? Reply or Call now 08000930705 for del Sat AM,True
536,It does it on its own. Most of the time it fixes my spelling. But sometimes it gets a completely diff word. Go figure,False
537,Anything lor. Juz both of us lor.,False
538,i want to grasp your pretty booty :),False
539,"Dont search love, let love find U. Thats why its called falling in love, bcoz U dont force yourself, U just fall and U know there is smeone to hold U... BSLVYL",False
540,"Whenevr ur sad, Whenevr ur gray, Remembr im here 2 listn 2 watevr u wanna say, Jus walk wid me a little while,&amp; I promise I'll bring back ur smile.:-)",False
541,LIFE has never been this much fun and great until you came in. You made it truly special for me. I won't forget you! enjoy @ one gbp/sms,True
542,"Yep, the great loxahatchee xmas tree burning of  &lt;#&gt;  starts in an hour",False
543,when you and derek done with class?,False
544,Free Msg: Ringtone!From: http://tms. widelive.com/index. wml?id=1b6a5ecef91ff9*37819&first=true18:0430-JUL-05,True
545,I like to talk pa but am not able to. I dont know y.,False
546,"K, can that happen tonight?",False
547,"HI HUN! IM NOT COMIN 2NITE-TELL EVERY1 IM SORRY 4 ME, HOPE U AVA GOODTIME!OLI RANG MELNITE IFINK IT MITE B SORTED,BUT IL EXPLAIN EVERYTHIN ON MON.L8RS.x",False
548,The world's most happiest frnds never have the same characters... Dey just have the best understanding of their differences...,False
549,am up to my eyes in philosophy,False
550,"Hm good morning, headache anyone? :-)",False
551,What time is ur flight tmr?,False
552,"Babe! How goes that day ? What are you up to ? I miss you already, my Love ... * loving kiss* ... I hope everything goes well.",False
553,"\Hi darlin did youPhone me? Im atHome if youwanna chat.\""""",False
554,Wanna have a laugh? Try CHIT-CHAT on your mobile now! Logon by txting the word: CHAT and send it to No: 8883 CM PO Box 4217 London W1A 6ZF 16+ 118p/msg rcvd,True
555,Siva is in hostel aha:-.,False
556,No got new job at bar in airport on satsgettin 4.47per hour but means no lie in! keep in touch,False
557,"You are being contacted by our Dating Service by someone you know! To find out who it is, call from your mobile or landline 09064017305 PoBox75LDNS7 ",True
558,Where are you ? What do you do ? How can you stand to be away from me ? Doesn't your heart ache without me ? Don't you wonder of me ? Don't you crave me ?,False
559,No I'm in the same boat. Still here at my moms. Check me out on yo. I'm half naked.,False
560,"Okey doke. I'm at home, but not dressed cos laying around ill! Speak to you later bout times and stuff. ",False
561,Eh den sat u book e kb liao huh...,False
562,Aiyar u so poor thing... I give u my support k... Jia you! I'll think of u...,False
563,Then i buy.,False
564,Ok lor then we go tog lor...,False
565,They don't put that stuff on the roads to keep it from getting slippery over there?,False
566,Havent mus ask if u can 1st wat. Of meet 4 lunch den u n him meet can already lor. Or u wan 2 go ask da ge 1st then confirm w me asap?,False
567,No message..no responce..what happend?,False
568,Hey u still at the gym?,False
569,Is toshiba portege m100 gd?,False
570,Stop knowing me so well!,False
571,"7 wonders in My WORLD 7th You 6th Ur style 5th Ur smile 4th Ur Personality 3rd Ur Nature 2nd Ur SMS and 1st \Ur Lovely Friendship\""... good morning dear""",False
572,I wnt to buy a BMW car urgently..its vry urgent.but hv a shortage of  &lt;#&gt; Lacs.there is no source to arng dis amt. &lt;#&gt; lacs..thats my prob,False
573,Yup no more already... Thanx 4 printing n handing it up.,False
574,Prabha..i'm soryda..realy..frm heart i'm sory,False
575,The whole car appreciated the last two! Dad and are having a map reading semi argument but apart from that things are going ok. P.,False
576,"Haha awesome, I might need to take you up on that, what you doin tonight?",False
577,IM LATE TELLMISS IM ON MY WAY,False
578,Ok i wont call or disturb any one. I know all are avoiding me. I am a burden for all,False
579,"Depends on quality. If you want the type i sent boye, faded glory, then about 6. If you want ralphs maybe 2",False
580,I can ask around but there's not a lot in terms of mids up here,False
581,Did u receive my msg?,False
582,Ur cash-balance is currently 500 pounds - to maximize ur cash-in now send COLLECT to 83600 only 150p/msg. CC: 08718720201 PO BOX 114/14 TCR/W1,True
583,How long does applebees fucking take,False
584,u r a winner U ave been specially selected 2 receive å£1000 cash or a 4* holiday (flights inc) speak to a live operator 2 claim 0871277810710p/min (18 ),True
585,FreeMsg Hi baby wow just got a new cam moby. Wanna C a hot pic? or Fancy a chat?Im w8in 4uTxt / rply CHAT to 82242 Hlp 08712317606 Msg150p 2rcv,True
586,As per your request 'Melle Melle (Oru Minnaminunginte Nurungu Vettam)' has been set as your callertune for all Callers. Press *9 to copy your friends Callertune,False
587,I wnt to buy a BMW car urgently..its vry urgent.but hv a shortage of  &lt;#&gt; Lacs.there is no source to arng dis amt. &lt;#&gt; lacs..thats my prob,False
588,Well. Im computerless. Time to make some oreo truffles,False
589,"Hello, my love. What are you doing? Did you get to that interview today? Are you you happy? Are you being a good boy? Do you think of me?Are you missing me ?",False
590,"You have come into my life and brought the sun ..Shiny down on me, warming my heart. Putting a constant smile on my face ... Making me feel loved and cared for",False
591,There's no point hangin on to mr not right if he's not makin u happy,False
592,R u sure they'll understand that! Wine * good idea just had a slurp!,False
593,S..antha num corrct dane,False
594,Mobile Club: Choose any of the top quality items for your mobile. 7cfca1a,True
595,U can call now...,False
596,Geeeee ... I love you so much I can barely stand it,False
597,"Wait that's still not all that clear, were you not sure about me being sarcastic or that that's why x doesn't want to live with us",False
598,"Lol you forgot it eh ? Yes, I'll bring it in babe",False
599,It shall be fine. I have avalarr now. Will hollalater,False
600,Sac will score big hundred.he is set batsman:-),False
601,Oh k.k..where did you take test?,False
602,ÌÏ dun wan to watch infernal affair?,False
603,Its a valentine game. . . Send dis msg to all ur friends. .. If 5 answers r d same then someone really loves u. Ques- which colour suits me the best?rply me,False
604,On the road so cant txt,False
605,Hi! This is Roger from CL. How are you?,False
606,Anything lor... U decide...,False
607,For The First Time In The History 'Need' 'Comfort' And 'Luxury' Are Sold At Same Price In India..!! Onion-Rs. &lt;#&gt;  Petrol-Rs. &lt;#&gt;  Beer-Rs. &lt;#&gt;  SHESIL  &lt;#&gt;,False
608,Yup,False
609,But i juz remembered i gotta bathe my dog today..,False
610,It's ok lar. U sleep early too... Nite...,False
611,jay says he'll put in  &lt;#&gt;,False
612,Ok . . now i am in bus. . If i come soon i will come otherwise tomorrow,False
613,26th OF JULY,False
614,"If e timing can, then i go w u lor...",False
615,No de.am seeing in online shop so that i asked.,False
616,If You mean the website. Yes.,False
617,He remains a bro amongst bros,False
618,Sun ah... Thk mayb can if dun have anythin on... Thk have to book e lesson... E pilates is at orchard mrt u noe hor...  ,False
619,Reply to win å£100 weekly! Where will the 2006 FIFA World Cup be held? Send STOP to 87239 to end service,True
620,Juz go google n search 4 qet...,False
621,I don't know jack shit about anything or i'd say/ask something helpful but if you want you can pretend that I did and just text me whatever in response to the hypotheticalhuagauahahuagahyuhagga,False
622,did u get that message,False
623,Yar else i'll thk of all sorts of funny things.,False
624,That sucks. I'll go over so u can do my hair. You'll do it free right?,False
625,Purity of friendship between two is not about smiling after reading the forwarded message..Its about smiling just by seeing the name. Gud evng,False
626,How much are we getting?,False
627,"It,,s a taxt massage....tie-pos argh ok! Lool!",False
628,"What i mean was i left too early to check, cos i'm working a 9-6.",False
629,We have new local dates in your area - Lots of new people registered in YOUR AREA. Reply DATE to start now! 18 only www.flirtparty.us REPLYS150,True
630,I told your number to gautham..,False
631,"OH YEAH,AND HAV A GREAT TIME IN NEWQUAY-SEND ME A POSTCARD !1 LOOK AFTER ALL THE GIRLS WHILE IM GONE(U KNOW THE 1IM TALKIN BOUT!)xx",False
632,"Hi, Mobile no.  &lt;#&gt;  has added you in their contact list on www.fullonsms.com It s a great place to send free sms to people For more visit fullonsms.com",False
633,"Since when, which side, any fever, any vomitin.",False
634,Yes but can we meet in town cos will go to gep and then home. You could text at bus stop. And don't worry we'll have finished by march Û_ ish!,False
635,The beauty of life is in next second.. which hides thousands of secrets. I wish every second will be wonderful in ur life...!! gud n8,False
636,Kallis is ready for bat in 2nd innings,False
637,Understand. his loss is my gain :) so do you work? School?,False
638,Pls speak to that customer machan.,False
639,goldviking (29/M) is inviting you to be his friend. Reply YES-762 or NO-762 See him: www.SMS.ac/u/goldviking STOP? Send STOP FRND to 62468,True
640,Ok. But i finish at 6.,False
641,Back 2 work 2morro half term over! Can U C me 2nite 4 some sexy passion B4 I have 2 go back? Chat NOW 09099726481 Luv DENA Calls å£1/minMobsmoreLKPOBOX177HP51FL,True
642,"I haven't forgotten you, i might have a couple bucks to send you tomorrow, k? I love ya too",False
643,"Did you hear about the new \Divorce Barbie\""? It comes with all of Ken's stuff!""",True
644,That's my honeymoon outfit. :),False
645,"Just arrived, see you in a couple days &lt;3",False
646,"So you think i should actually talk to him? Not call his boss in the morning? I went to this place last year and he told me where i could go and get my car fixed cheaper. He kept telling me today how much he hoped i would come back in, how he always regretted not getting my number, etc.",False
647,Near kalainar tv office.thenampet,False
648,We tried to contact you re your reply to our offer of a Video Handset? 750 anytime networks mins? UNLIMITED TEXT? Camcorder? Reply or call 08000930705 NOW,True
649,I am late. I will be there at,False
650,;-) ok. I feel like john lennon.,False
651,Infact happy new year. How are you where are you when are we seeing,False
652,"MOON has come to color your dreams, STARS to make them musical and my SMS to give you warm and Peaceful Sleep. Good Night",False
653,Then we wait 4 u lor... No need 2 feel bad lar...,False
654,Sunshine Quiz Wkly Q! Win a top Sony DVD player if u know which country the Algarve is in? Txt ansr to 82277. å£1.50 SP:Tyrone,True
655,Nutter. Cutter. Ctter. Cttergg. Cttargg. Ctargg. Ctagg. ie you,False
656,Hi dear we saw dear. We both are happy. Where you my battery is low,False
657,U sleeping now.. Or you going to take? Haha.. I got spys wat.. Me online checking n replying mails lor..,False
658,I have 2 docs appointments next week.:/ I'm tired of them shoving stuff up me. Ugh why couldn't I have had a normal body?,False
659,Nope... Think i will go for it on monday... Sorry i replied so late,False
660,"Rose for red,red for blood,blood for heart,heart for u. But u for me.... Send tis to all ur friends.. Including me.. If u like me.. If u get back, 1-u r poor in relation! 2-u need some 1 to support 3-u r frnd 2 many 4-some1 luvs u 5+- some1 is praying god to marry u.:-) try it....",False
661,Chk in ur belovd ms dict,False
662,Haha... They cant what... At the most tmr forfeit... haha so how?,False
663,"Maybe westshore or hyde park village, the place near my house?",False
664,K:)k:)what are detail you want to transfer?acc no enough?,False
665,When did you get to the library,False
666,Y?WHERE U AT DOGBREATH? ITS JUST SOUNDING LIKE JAN C THATåÕS AL!!!!!!!!!,False
667,"Congrats! 1 year special cinema pass for 2 is yours. call 09061209465 now! C Suprman V, Matrix3, StarWars3, etc all 4 FREE! bx420-ip4-5we. 150pm. Dont miss out! ",True
668,Aah! A cuddle would be lush! I'd need lots of tea and soup before any kind of fumbling!,False
669,Hi did u decide wot 2 get 4 his bday if not ill prob jus get him a voucher frm virgin or sumfing ,False
670,"Good good, billy mates all gone. Just been jogging, again! Did enjoy concert?",False
671,Are you this much buzy,False
672,"Fyi I'm taking a quick shower, be at epsilon in like  &lt;#&gt;  min",False
673,Thats cool. i liked your photos. You are very sexy!,False
674,"Derp. Which is worse, a dude who always wants to party or a dude who files a complaint about the three drug abusers he lives with",False
675,Oh ok.. Wat's ur email?,False
676,New TEXTBUDDY Chat 2 horny guys in ur area 4 just 25p Free 2 receive Search postcode or at gaytextbuddy.com. TXT ONE name to 89693,True
677,I dont want to hear anything,False
678,U still havent got urself a jacket ah?,False
679,"That day Ì_ say Ì_ cut ur hair at paragon, is it called hair sense? Do Ì_ noe how much is a hair cut? ",False
680,WHEN THE FIRST STRIKE IS A RED ONE. THE BIRD + ANTELOPE BEGIN TOPLAY IN THE FIELDOF SELFINDEPENDENCE BELIEVE THIS + THE FLOWER OF CONTENTION WILL GROW.RANDOM!,False
681,Take some small dose tablet for fever,False
682,Sorry that was my uncle. I.ll keep in touch,False
683,Holy living christ what is taking you so long,False
684,"Hi, Mobile no.  &lt;#&gt;  has added you in their contact list on www.fullonsms.com It s a great place to send free sms to people For more visit fullonsms.com",False
685,Ok I'm gonna head up to usf in like fifteen minutes,False
686,Its a valentine game. . . send dis msg to all ur friends. . If 5 answers r d same then someone really loves u. . Ques- which colour suits me the best?,False
687,Love it! I want to flood that pretty pussy with cum...,False
688,"FREE2DAY sexy St George's Day pic of Jordan!Txt PIC to 89080 dont miss out, then every wk a saucy celeb!4 more pics c PocketBabe.co.uk 0870241182716 å£3/wk",True
689,Watching tv now. I got new job :),False
690,"Aight, I'll text you when I'm back",False
691,Promotion Number: 8714714 - UR awarded a City Break and could WIN a å£200 Summer Shopping spree every WK. Txt STORE to 88039 . SkilGme. TsCs087147403231Winawk!Age16 å£1.50perWKsub,True
692,BIG BROTHER ALERT! The computer has selected u for 10k cash or #150 voucher. Call 09064018838. NTT PO Box CRO1327 18+ BT Landline Cost 150ppm mobiles vary,True
693,Yes. Last  practice,False
694,Nite...,False
695,Oh ok..,False
696,"Fantasy Football is back on your TV. Go to Sky Gamestar on Sky Active and play å£250k Dream Team. Scoring starts on Saturday, so register now!SKY OPT OUT to 88088",True
697,Dont worry. I guess he's busy.,False
698,Happy New year my dear brother. I really do miss you. Just got your number and decided to send you this text wishing you only happiness. Abiola,False
699,I think u have the wrong number.,False
700,No de. But call me after some time. Ill tell you k,False
701,No break time one... How... I come out n get my stuff fr Ì_?,False
702,Friendship poem: Dear O Dear U R Not Near But I Can Hear Dont Get Fear Live With Cheer No More Tear U R Always my Dear. Gud ni8,False
703,You have won a Nokia 7250i. This is what you get when you win our FREE auction. To take part send Nokia to 86021 now. HG/Suite342/2Lands Row/W1JHL 16+,True
704,Urgent! Please call 09061213237 from a landline. å£5000 cash or a 4* holiday await collection. T &Cs SAE PO Box 177 M227XY. 16+,True
705,This girl does not stay in bed. This girl doesn't need recovery time. Id rather pass out while having fun then be cooped up in bed,False
706,No calls..messages..missed calls,False
707,The battery is for mr adewale my uncle. Aka Egbon,False
708,Your gonna have to pick up a $1 burger for yourself on your way home. I can't even move. Pain is killing me.,False
709,"Goodmorning, today i am late for 2hrs. Because of back pain.",False
710,"Oh, the grand is having a bit of a party but it doesn't mention any cover charge so it's probably first come first served",False
711,Good sleep is about rhythm. The person has to establish a rhythm that the body will learn and use. If you want to know more :-),False
712,\SHIT BABE.. THASA BIT MESSED UP.YEH,False
713,"Alright we'll bring it to you, see you in like  &lt;#&gt;  mins",False
714,In xam hall boy asked girl Tell me the starting term for dis answer I can den manage on my own After lot of hesitation n lookin around silently she said THE! intha ponnungale ipaditan;),False
715,Have you bookedthe hut? And also your time off? How are you by the way?,False
716,Went to ganesh dress shop,False
717,Oh yeah I forgot. U can only take 2 out shopping at once.,False
718,Okey dokey swashbuckling stuff what oh.,False
719,WINNER!! As a valued network customer you have been selected to receivea å£900 prize reward! To claim call 09061701461. Claim code KL341. Valid 12 hours only.,True
720,A little. Meds say take once every 8 hours. It's only been 5 but pain is back. So I took another. Hope I don't die,False
721,Yup... I havent been there before... You want to go for the yoga? I can call up to book ,False
722,I love u 2 babe! R u sure everything is alrite. Is he being an idiot? Txt bak girlie,False
723,"Sunshine Hols. To claim ur med holiday send a stamped self address envelope to Drinks on Us UK, PO Box 113, Bray, Wicklow, Eire. Quiz Starts Saturday! Unsub Stop",True
724,Haf u found him? I feel so stupid da v cam was working.,False
725,Still i have not checked it da. . .,False
726,Dear we got  &lt;#&gt;  dollars hi hi,False
727,Huh i cant thk of more oredi how many pages do we have?,False
728,Omg you can make a wedding chapel in frontierville? Why do they get all the good stuff?,False
729,Oh ok i didnt know what you meant. Yep i am baby jontin,False
730,Do you always celebrate NY's with your family ?,False
731,Nt joking seriously i told,False
732,Mmmm.... I cant wait to lick it!,False
733,I'm done...,False
734,ÌÏ say until like dat i dun buy ericsson oso cannot oredi lar...,False
735,"Especially since i talk about boston all up in my personal statement, lol! I woulda changed that if i had realized it said nyc! It says boston now.",False
736,ÌÏ wait 4 me in sch i finish ard 5..,False
737,Are you unique enough? Find out from 30th August. www.areyouunique.co.uk,True
738,Got but got 2 colours lor. One colour is quite light n e other is darker lor. Actually i'm done she's styling my hair now.,False
739,ok....take care.umma to you too...,False
740,PRIVATE! Your 2003 Account Statement for 07973788240 shows 800 un-redeemed S. I. M. points. Call 08715203649 Identifier Code: 40533 Expires 31/10/04,True
741,Dude just saw a parked car with its sunroof popped up. Sux,False
742,Howz that persons story,False
743,"U so lousy, run already come back then half dead... Hee...",False
744,"Life is more strict than teacher... Bcoz Teacher teaches lesson &amp; then conducts exam, But Life first conducts Exam &amp; then teaches Lessons. Happy morning. . .",False
745,Hey you around? I've got enough for a half + the ten I owe you,False
746,God bless.get good sleep my dear...i will pray!,False
747,Its ok my arm is feeling weak cuz i got a shot so we can go another time,False
748,Guai... ÌÏ shd haf seen him when he's naughty... ÌÏ so free today? Can go jogging...,False
749,U WILL SWITCH YOUR FONE ON DAMMIT!!,False
750,Your daily text from me ÛÒ a favour this time,False
751,Ok,False
752,FreeMsg>FAV XMAS TONES!Reply REAL,True
753,Fyi I'm gonna call you sporadically starting at like  &lt;#&gt;  bc we are not not doin this shit,False
754,Dun b sad.. It's over.. Dun thk abt it already. Concentrate on ur other papers k.,False
755,"Just dropped em off, omw back now",False
756,:) ,False
757,Ranjith cal drpd Deeraj and deepak 5min hold,False
758,"\Im on gloucesterroad what are uup to later?\""""",False
759,I'm in school now n i'll be in da lab doing some stuff give me a call when Ì_ r done.,False
760,wamma get laid?want real doggin locations sent direct to your mobile? join the UKs largest dogging network. txt dogs to 69696 now!nyt. ec2a. 3lp å£1.50/msg.,True
761,Mind blastin.. No more Tsunamis will occur from now on.. Rajnikant stopped swimming in Indian Ocean..:-D,False
762,"True. It is passable. And if you get a high score and apply for phd, you get 5years of salary. So it makes life easier.",False
763,I'm leaving my house now...,False
764,I absolutely LOVE South Park! I only recently started watching the office.,False
765,Yes i have. So that's why u texted. Pshew...missing you so much,False
766,HI ITS JESS I DONT KNOW IF YOU ARE AT WORK BUT CALL ME WHEN U CAN IM AT HOME ALL EVE. XXX,False
767,Oh yeah clearly it's my fault,False
768,Sweet heart how are you?,False
769,"Oh! Shit, I thought that was your trip! Loooooool ... That just makes SO much more sense now ... *grins* and the sofa reference was ... The \sleep on a couch\"" link you sent me ... Wasn't that how you went on your trip ? Oh ... And didn't your babe go with you for that celebration with your rents?""",False
770,"She said,'' do u mind if I go into the bedroom for a minute ? '' ''OK'', I sed in a sexy mood. She came out 5 minuts latr wid a cake...n My Wife,",False
771,Not planned yet :)going to join company on jan 5 only.don know what will happen after that.,False
772,It took Mr owl 3 licks,False
773,"That's cool, I'll come by like  &lt;#&gt; ish",False
774,Now am free call me pa.,False
775,Call FREEPHONE 0800 542 0578 now!,True
776,Thats cool. Where should i cum? On you or in you? :),False
777,Didn't you get hep b immunisation in nigeria.,False
778,And pls pls drink plenty plenty water,False
779,"K give me a sec, breaking a  &lt;#&gt;  at cstore",False
780,So i could kiss and feel you next to me...,False
781,Omg Joanna is freaking me out. She's looked thru all my friends to find photos of me. And then she's asking about stuff on my MySpace which I haven't even logged on in like a year. :/,False
782,Oi. Ami parchi na re. Kicchu kaaj korte iccha korche na. Phone ta tul na. Plz. Plz.,False
783,"Good morning, my Love ... I go to sleep now and wish you a great day full of feeling better and opportunity ... You are my last thought babe, I LOVE YOU *kiss*",False
784,Just finished. Missing you plenty,False
785,Sry da..jst nw only i came to home..,False
786,At WHAT TIME should i come tomorrow,False
787,cool. We will have fun practicing making babies!,False
788,"Cool, text me when you're ready",False
789,Ding me on ya break fassyole! Blacko from londn,False
790,Hope you are having a great new semester. Do wish you the very best. You are made for greatness.,False
791,Tired. I haven't slept well the past few nights.,False
792,And is there a way you can send shade's stuff to her. And she has been wonderful too.,False
793,"Dude u knw also telugu..thts gud..k, gud nyt..",False
794,Shb b ok lor... Thanx...,False
795,"I am late,so call you tomorrow morning.take care sweet dreams....u and me...ummifying...bye.",False
796,THANX 4 PUTTIN DA FONE DOWN ON ME!!,False
797,Not course. Only maths one day one chapter with in one month we can finish.,False
798,"Dude. What's up. How Teresa. Hope you have been okay. When i didnt hear from these people, i called them and they had received the package since dec  &lt;#&gt; . Just thot you'ld like to know. Do have a fantastic year and all the best with your reading. Plus if you can really really Bam first aid for Usmle, then your work is done.",False
799,MAKE SURE ALEX KNOWS HIS BIRTHDAY IS OVER IN FIFTEEN MINUTES AS FAR AS YOU'RE CONCERNED,False
800,I will come with karnan car. Please wait till 6pm will directly goto doctor.,False
801,Umma. Did she say anything,False
802,Takin a shower now but yeah I'll leave when I'm done,False
803,"Dear Hero,i am leaving to qatar tonite for an apt opportunity.pls do keep in touch at  &lt;EMAIL&gt; ,kerala",False
804,You know my old Dom I told you about yesterday ? His name is Roger? He got in touch with me last night and wants me to meet him today at 2 pm,False
805,Babe ! What are you doing ? Where are you ? Who are you talking to ? Do you think of me ? Are you being a good boy? Are you missing me? Do you love me ?,False
806,Its ok..come to my home it vl nice to meet and v can chat..,False
807,"Each Moment in a day,has its own value-Morning brings hope,afternoon brings faith,Evening brings luv,Night brings rest,Wish u find them all today.Good Morning",False
808,"Im in inperialmusic listening2the weirdest track ever byåÓleafcutter johnåÓ-sounds like insects being molested&someone plumbing,remixed by evil men on acid!",False
809,Are you happy baby ? Are you alright ? Did you take that job ? I hope your fine. I send you a kiss to make you smile from across the sea ... *kiss* *kiss*,False
810,"Honeybee Said: *I'm d Sweetest in d World* God Laughed &amp; Said: *Wait,U Havnt Met d Person Reading This Msg* MORAL: Even GOD Can Crack Jokes! GM+GN+GE+GN:)",False
811,Free any day but i finish at 6 on mon n thurs...,False
812,Eat jap done oso aft ur lect wat... ÌÏ got lect at 12 rite... ,False
813,Yes.i'm in office da:),False
814,"Nah, Wednesday. When should I bring the mini cheetos bag over?",False
815,Mum not going robinson already.,False
816,Long beach lor. Expected... U having dinner now?,False
817,"Gal n boy walking in d park. gal-can i hold ur hand? boy-y? do u think i would run away? gal-no, jst wana c how it feels walking in heaven with an prince..GN:-)",False
818,I love to cuddle! I want to hold you in my strong arms right now...,False
819,Yup i thk cine is better cos no need 2 go down 2 plaza mah.,False
820,Camera - You are awarded a SiPix Digital Camera! call 09061221066 fromm landline. Delivery within 28 days.,True
821,I couldn't say no as he is a dying man and I feel sad for him so I will go and I just wanted you to know I would probably be gone late into your night,False
822,K da:)how many page you want?,False
823,Marvel Mobile Play the official Ultimate Spider-man game (å£4.50) on ur mobile right now. Text SPIDER to 83338 for the game & we ll send u a FREE 8Ball wallpaper,True
824,I just cooked a rather nice salmon a la you,False
825,One day a crab was running on the sea shore..The waves came n cleared the footprints of the crab.. Crab asked: being my frnd y r u clearing my beautiful footprints? Waves replied: A fox was following ur footprints to catch you! thats y i cleared it off:) frndsship never lets u dwn :-) GUD nyt..,False
826,Detroit. The home of snow. Enjoy it.,False
827,Back in brum! Thanks for putting us up and keeping us all and happy. See you soon ,False
828,Tell your friends what you plan to do on Valentines day @ &lt;URL&gt;,False
829,"Auction round 4. The highest bid is now å£54. Next maximum bid is å£71. To bid, send BIDS e. g. 10 (to bid å£10) to 83383. Good luck.",True
830,What pa tell me.. I went to bath:-),False
831,"Haha awesome, omw back now then",False
832,"FREE NOKIA Or Motorola with upto 12mths 1/2price linerental, 500 FREE x-net mins&100txt/mth FREE B'tooth*. Call Mobileupd8 on 08001950382 or call 2optout/D3WV",True
833,"I know you are thinkin malaria. But relax, children cant handle malaria. She would have been worse and its gastroenteritis. If she takes enough to replace her loss her temp will reduce. And if you give her malaria meds now she will just vomit. Its a self limiting illness she has which means in a few days it will completely stop",False
834,Yo guess what I just dropped,False
835,Are you staying in town ?,False
836,Did u got that persons story,False
837,Staff of placement training in Amrita college.,False
838,This is hoping you enjoyed your game yesterday. Sorry i've not been in touch but pls know that you are fondly bein thot off. Have a great week. Abiola,False
839,"Hungry gay guys feeling hungry and up 4 it, now. Call 08718730555 just 10p/min. To stop texts call 08712460324 (10p/min)",True
840,I'm still looking for a car to buy. And have not gone 4the driving test yet.,False
841,Someone U know has asked our dating service 2 contact you! Cant Guess who? CALL 09058091854 NOW all will be revealed. PO BOX385 M6 6WU,True
842,Great to hear you are settling well. So what's happenin wit ola?,False
843,Ok enjoy . R u there in home.,False
844,"Sorry, I'll call later",False
845,Ok no problem... Yup i'm going to sch at 4 if i rem correctly...,False
846,So how's scotland. Hope you are not over showing your JJC tendencies. Take care. Live the dream,False
847,No pic. Please re-send.,False
848,Send me your resume:-),False
849,I went to ur hon lab but no one is there.,False
850,Dear how you. Are you ok?,False
851,I have a rather prominent bite mark on my right cheek,False
852,Designation is software developer and may be she get chennai:),False
853,You have WON a guaranteed å£1000 cash or a å£2000 prize. To claim yr prize call our customer service representative on 08714712379 between 10am-7pm Cost 10p,True
854,if you text on your way to cup stop that should work. And that should be BUS,False
855,Well done ENGLAND! Get the official poly ringtone or colour flag on yer mobile! text TONE or FLAG to 84199 NOW! Opt-out txt ENG STOP. Box39822 W111WX å£1.50,True
856,Where @,False
857,i cant talk to you now.i will call when i can.dont keep calling.,False
858,Do u knw dis no. &lt;#&gt; ?,False
859,"Haha I heard that, text me when you're around",False
860,Or i go home first lar Ì_ wait 4 me lor.. I put down my stuff first..,False
861,PRIVATE! Your 2004 Account Statement for 07742676969 shows 786 unredeemed Bonus Points. To claim call 08719180248 Identifier Code: 45239 Expires,True
862,No da:)he is stupid da..always sending like this:)don believe any of those message.pandy is a mental:),False
863,"Yeah, probably but not sure. Ilol let u know, but personally I wuldnt bother, then again if ur goin to then I mite as well!!",False
864,Just normal only here :),False
865,Then why no one talking to me,False
866,"Are you being good, baby? :)",False
867,"For ur chance to win å£250 cash every wk TXT: PLAY to 83370. T's&C's www.music-trivia.net custcare 08715705022, 1x150p/wk.",True
868,Tone Club: Your subs has now expired 2 re-sub reply MONOC 4 monos or POLYC 4 polys 1 weekly @ 150p per week Txt STOP 2 stop This msg free Stream 0871212025016,True
869,I'm coming home 4 dinner.,False
870,Ok ill send you with in  &lt;DECIMAL&gt;  ok.,False
871,Sorry . I will be able to get to you. See you in the morning.,False
872,Don know. I did't msg him recently.,False
873,"You are guaranteed the latest Nokia Phone, a 40GB iPod MP3 player or a å£500 prize! Txt word: COLLECT to No: 83355! IBHltd LdnW15H 150p/Mtmsgrcvd18",True
874,How are you holding up?,False
875,I have no money 4 steve mate! !,False
876,I taught that Ranjith sir called me. So only i sms like that. Becaus hes verifying about project. Prabu told today so only pa dont mistake me..,False
877,Lol your always so convincing.,False
878,Moby Pub Quiz.Win a å£100 High Street prize if u know who the new Duchess of Cornwall will be? Txt her first name to 82277.unsub STOP å£1.50 008704050406 SP,True
879,"Hello, my love ! How went your day ? Are you alright ? I think of you, my sweet and send a jolt to your heart to remind you ... I LOVE YOU! Can you hear it ? I screamed it across the sea for all the world to hear. Ahmad al Hallaq is loved ! and owned ! *possessive passionate kiss*",False
880,Please attend the phone:),False
881,What is this 'hex' place you talk of? Explain!,False
882,Hi its in durban are you still on this number,False
883,"Sure, I'll see if I can come by in a bit",False
884,Lol yes. Our friendship is hanging on a thread cause u won't buy stuff.,False
885,"Welcome to Select, an O2 service with added benefits. You can now call our specially trained advisors FREE from your mobile by dialling 402.",True
886,I asked you to call him now ok,False
887,Hi this is yijue... It's regarding the 3230 textbook it's intro to algorithms second edition... I'm selling it for $50...,False
888,"Sorry, I'll call later",False
889,Wife.how she knew the time of murder exactly,False
890,I'm sorry. I've joined the league of people that dont keep in touch. You mean a great deal to me. You have been a friend at all times even at great personal cost. Do have a great week.|,False
891,Also remember to get dobby's bowl from your car,False
892,"Night has ended for another day, morning has come in a special way. May you smile like the sunny rays and leaves your worries at the blue blue bay. Gud mrng",False
893,"It doesnt make sense to take it there unless its free. If you need to know more, wikipedia.com",False
894,So when do you wanna gym harri,False
895,I notice you like looking in the shit mirror youre turning into a right freak,False
896,Hi here. have birth at on the  to  at 8lb 7oz. Mother and baby doing brilliantly.,False
897,Thanks for picking up the trash.,False
898,Tomarrow final hearing on my laptop case so i cant.,False
899,Finished class where are you.,False
900,URGENT! Your Mobile number has been awarded with a å£2000 prize GUARANTEED. Call 09058094455 from land line. Claim 3030. Valid 12hrs only,True
901,Lmao you know me so well...,False
902,Kit Strip - you have been billed 150p. Netcollex Ltd. PO Box 1013 IG11 OJA,True
903,Happy birthday... May all ur dreams come true...,False
904,Hey sexy buns! What of that day? No word from you this morning on YM ... :-( ... I think of you,False
905,"Imagine you finally get to sink into that bath after I have put you through your paces, maybe even having you eat me for a while before I left ... But also imagine the feel of that cage on your cock surrounded by the bath water, reminding you always who owns you ... Enjoy, my cuck",False
906,Your credits have been topped up for http://www.bubbletext.com Your renewal Pin is tgxxrz,True
907,For real when u getting on yo? I only need 2 more tickets and one more jacket and I'm done. I already used all my multis.,False
908,Send me yetty's number pls.,False
909,"Sir, good morning. Hope you had a good weekend. I called to let you know that i was able to raise  &lt;#&gt;  from my dad. He however said he would make the rest available by mid feb. This amount is still quite short and i was hoping you would help. Do have a good day. Abiola",False
910,In meeting da. I will call you,False
911,My exam is for february 4. Wish you a great day.,False
912,K:)all the best:)congrats...,False
913,We have to pick rayan macleran there.,False
914,All will come alive.better correct any good looking figure there itself..,False
915,"Thanks for your ringtone order, reference number X49. Your mobile will be charged 4.50. Should your tone not arrive please call customer services 09065989182. From: [colour=red]text[/colour]TXTstar",True
916,You have won a Nokia 7250i. This is what you get when you win our FREE auction. To take part send Nokia to 86021 now. HG/Suite342/2Lands Row/W1JHL 16+ ,True
917,Goin to workout lor... Muz lose e fats... ,False
918,Then just eat a shit and wait for ur monkey face bitch.......... U asshole..................,False
919,Dear got train and seat mine lower seat,False
920,None of that's happening til you get here though,False
921,U have a secret admirer who is looking 2 make contact with U-find out who they R*reveal who thinks UR so special-call on 09058094594,True
922,"Wen ur lovable bcums angry wid u, dnt take it seriously.. Coz being angry is d most childish n true way of showing deep affection, care n luv!.. kettoda manda... Have nice day da.",False
923,Hai ana tomarrow am coming on morning.  &lt;DECIMAL&gt;  ill be there in sathy then we ll go to RTO office. Reply me after came to home.,False
924,Wat r u doing?,False
925,I forgot 2 ask Ì_ all smth.. There's a card on da present lei... How? ÌÏ all want 2 write smth or sign on it?,False
926,"Princess, i like to make love  &lt;#&gt;  times per night. Hope thats not a problem!",False
927,I hope you that's the result of being consistently intelligent and kind. Start asking him about practicum links and keep your ears open and all the best. ttyl,False
928,"Twinks, bears, scallies, skins and jocks are calling now. Don't miss the weekend's fun. Call 08712466669 at 10p/min. 2 stop texts call 08712460324(nat rate)",True
929,....photoshop makes my computer shut down.,False
930,THIS IS A LONG FUCKIN SHOWR,False
931,tap & spile at seven. * Is that pub on gas st off broad st by canal. Ok?,False
932,Armand says get your ass over to epsilon,False
933,"I'm in a meeting, call me later at",False
934,Shall i ask one thing if you dont mistake me.,False
935,K I'll call you when I'm close,False
936,They did't play one day last year know even though they have very good team.. Like india.,False
937,"Yes obviously, but you are the eggs-pert and the potato headÛ_ Speak soon! ",False
938,Cheers for the message Zogtorius. IåÕve been staring at my phone for an age deciding whether to text or not.,False
939,meet you in corporation st outside gap Û_ you can see how my mind is working!,False
940,Hey loverboy! I love you !! I had to tell ... I look at your picture and ache to feel you between my legs ... Fuck I want you ... I need you ... I crave you .,False
941,Gr8. So how do you handle the victoria island traffic. Plus when's the album due,False
942,Jos ask if u wana meet up?,False
943,Keep my payasam there if rinu brings,False
944,You please give us connection today itself before  &lt;DECIMAL&gt;  or refund the bill,False
945,"For ur chance to win a å£250 wkly shopping spree TXT: SHOP to 80878. T's&C's www.txt-2-shop.com custcare 08715705022, 1x150p/wk",True
946,So how many days since then?,False
947,"hey, looks like I was wrong and one of the kappa guys numbers is still on my phone, if you want I can text him and see if he's around",False
948,Mmm thats better now i got a roast down me! iåÕd b better if i had a few drinks down me 2! Good indian?,False
949,"I met you as a stranger and choose you as my friend. As long as the world stands, our friendship never ends. Lets be Friends forever!!! Gud nitz...",False
950,"I thought i'd get him a watch, just cos thats the kind of thing u get4an18th. And he loves so much!",False
951,You call him now ok i said call him,False
952,Yeah but which is worse for i,False
953,Wish u many many returns of the day.. Happy birthday vikky..,False
954,I am in hospital da. . I will return home in evening,False
955,"Sorry, I'll call later",False
956,"Babe, I need your advice",False
957,ÌÏ takin linear algebra today?,False
958,"\NONE!NOWHERE IKNO DOESDISCOUNT!SHITINNIT\""""",False
959,E admin building there? I might b slightly earlier... I'll call u when i'm reaching...,False
960,Yes princess! I want to make you happy...,False
961,It will stop on itself. I however suggest she stays with someone that will be able to give ors for every stool.,False
962,Networking job is there.,False
963,Gain the rights of a wife.dont demand it.i am trying as husband too.Lets see,False
964,Ay wana meet on sat?Ì_ wkg on sat?,False
965,K k:) sms chat with me.,False
966,As one of our registered subscribers u can enter the draw 4 a 100 G.B. gift voucher by replying with ENTER. To unsubscribe text STOP,True
967,Have you got Xmas radio times. If not i will get it now,False
968,I've been trying to reach him without success,False
969,Today is ACCEPT DAY..U Accept me as? Brother Sister Lover Dear1 Best1 Clos1 Lvblefrnd Jstfrnd Cutefrnd Lifpartnr Belovd Swtheart Bstfrnd No rply means enemy,False
970,"Hey , is * rite u put åÈ10 evey mnth is that all?",False
971,Pls accept me for one day. Or am begging you change the number.,False
972,Ok... But they said i've got wisdom teeth hidden inside n mayb need 2 remove.,False
973,No way I'm going back there!,False
974,Why you Dint come with us.,False
975,Why i come in between you people,False
976,"U wake up already? Wat u doing? U picking us up later rite? I'm taking sq825, reaching ard 7 smth 8 like dat. U can check e arrival time. C ya soon...",False
977,Unlimited texts. Limited minutes.,False
978,Lol they were mad at first but then they woke up and gave in.,False
979,Don't forget though that I love you .... And I walk beside you. Watching over you and keeping your heart warm.,False
980,Guess he wants alone time. We could just show up and watch when they do..,False
981,And maybe some pressies,False
982,Huh means computational science... Y they like dat one push here n there...,False
983,"5 Free Top Polyphonic Tones call 087018728737, National Rate. Get a toppoly tune sent every week, just text SUBPOLY to 81618, å£3 per pole. UnSub 08718727870.",True
984,"As I entered my cabin my PA said, '' Happy B'day Boss !!''. I felt special. She askd me 4 lunch. After lunch she invited me to her apartment. We went there.",False
985,S:)but he had some luck.2 catches put down:),False
986,Still otside le..u come 2morrow maga..,False
987,I plane to give on this month end.,False
988,I'll pick you up at about 5.15pm to go to taunton if you still want to come.,False
989,I thk 530 lor. But dunno can get tickets a not. Wat u doing now?,False
990,"I've not called you in a while. This is hoping it was l8r malaria and that you know that we miss you guys. I miss Bani big, so pls give her my love especially. Have a great day.",False
991,"Customer service announcement. We recently tried to make a delivery to you but were unable to do so, please call 07090298926 to re-schedule. Ref:9307622",True
992,What u talking bout early morning? It's almost noon where your at!,False
993,Sex up ur mobile with a FREE sexy pic of Jordan! Just text BABE to 88600. Then every wk get a sexy celeb! PocketBabe.co.uk 4 more pics. 16 å£3/wk 087016248,True
994,"This is the 2nd time we have tried 2 contact u. U have won the 750 Pound prize. 2 claim is easy, call 08712101358 NOW! Only 10p per min. BT-national-rate",True
995,Did u find out what time the bus is at coz i need to sort some stuff out.,False
996,"Jus chillaxin, what up",False
997,"Yeah go on then, bored and depressed sittin waitin for phone to ring... Hope the wind drops though, scary",False
998,4mths half price Orange line rental & latest camera phones 4 FREE. Had your phone 11mths ? Call MobilesDirect free on 08000938767 to update now! or2stoptxt,True
999,"Sounds gd... Haha... Can... Wah, u yan jiu so fast liao...",False
